globallock, 1, 5264216
globallock, 1, 5222757
globallock, 1, 5240054
globallock, 1, 5116236
globallock, 1, 5140073
globallock, 1, 5256803
globallock, 1, 5199779
globallock, 1, 5103654
globallock, 1, 5264511
globallock, 1, 5125550
globallock, 2, 2365211
globallock, 2, 1569208
globallock, 2, 1582546
globallock, 2, 1562672
globallock, 2, 1603884
globallock, 2, 1554870
globallock, 2, 1595647
globallock, 2, 1552284
globallock, 2, 1592183
globallock, 2, 1595371
globallock, 3, 835048
globallock, 3, 838053
globallock, 3, 837411
globallock, 3, 860837
globallock, 3, 879764
globallock, 3, 910190
globallock, 3, 825667
globallock, 3, 866236
globallock, 3, 844317
globallock, 3, 823848
globallock, 4, 770647
globallock, 4, 756304
globallock, 4, 747337
globallock, 4, 757984
globallock, 4, 731717
globallock, 4, 760392
globallock, 4, 756256
globallock, 4, 758620
globallock, 4, 743337
globallock, 4, 760539
globallock, 6, 690547
globallock, 6, 684426
globallock, 6, 688831
globallock, 6, 687979
globallock, 6, 688441
globallock, 6, 681389
globallock, 6, 676800
globallock, 6, 687979
globallock, 6, 686734
globallock, 6, 686617
globallock, 8, 975978
globallock, 8, 969395
globallock, 8, 956829
globallock, 8, 634435
globallock, 8, 964770
globallock, 8, 628426
globallock, 8, 962578
globallock, 8, 966599
globallock, 8, 637033
globallock, 8, 629545
globallock, 10, 991340
globallock, 10, 631298
globallock, 10, 988519
globallock, 10, 980811
globallock, 10, 989387
globallock, 10, 985577
globallock, 10, 989933
globallock, 10, 992633
globallock, 10, 973735
globallock, 10, 981134
globallock, 11, 923083
globallock, 11, 918827
globallock, 11, 908011
globallock, 11, 912961
globallock, 11, 888387
globallock, 11, 894302
globallock, 11, 832632
globallock, 11, 909232
globallock, 11, 906275
globallock, 11, 913842
globallock, 15, 661877
globallock, 15, 700537
globallock, 15, 710314
globallock, 15, 700525
globallock, 15, 699430
globallock, 15, 712677
globallock, 15, 696437
globallock, 15, 715645
globallock, 15, 707429
globallock, 15, 712573
globallock, 20, 663210
globallock, 20, 677415
globallock, 20, 693790
globallock, 20, 697452
globallock, 20, 675018
globallock, 20, 661378
globallock, 20, 693221
globallock, 20, 686405
globallock, 20, 685374
globallock, 20, 675676
globallock, 21, 822094
globallock, 21, 840991
globallock, 21, 768853
globallock, 21, 809045
globallock, 21, 814592
globallock, 21, 829245
globallock, 21, 790429
globallock, 21, 818733
globallock, 21, 807140
globallock, 21, 832388
globallock, 25, 619174
globallock, 25, 744361
globallock, 25, 575327
globallock, 25, 746161
globallock, 25, 595827
globallock, 25, 715663
globallock, 25, 593841
globallock, 25, 736284
globallock, 25, 665790
globallock, 25, 719926
globallock, 30, 681499
globallock, 30, 678973
globallock, 30, 735634
globallock, 30, 728564
globallock, 30, 730810
globallock, 30, 367542
globallock, 30, 736893
globallock, 30, 733526
globallock, 30, 636072
globallock, 30, 701039
globallock, 31, 814569
globallock, 31, 752222
globallock, 31, 488608
globallock, 31, 807665
globallock, 31, 607104
globallock, 31, 807485
globallock, 31, 801689
globallock, 31, 497389
globallock, 31, 818028
globallock, 31, 779127
globallock, 35, 778974
globallock, 35, 755304
globallock, 35, 381378
globallock, 35, 486844
globallock, 35, 738632
globallock, 35, 756227
globallock, 35, 754186
globallock, 35, 488271
globallock, 35, 736585
globallock, 35, 444493
globallock, 40, 754240
globallock, 40, 452320
globallock, 40, 762873
globallock, 40, 758451
globallock, 40, 744991
globallock, 40, 741804
globallock, 40, 769896
globallock, 40, 712116
globallock, 40, 742467
globallock, 40, 755365
globallock, 41, 525722
globallock, 41, 843206
globallock, 41, 749484
globallock, 41, 818416
globallock, 41, 374777
globallock, 41, 810513
globallock, 41, 735655
globallock, 41, 840135
globallock, 41, 783893
globallock, 41, 816938
globallock, 45, 833085
globallock, 45, 807111
globallock, 45, 738328
globallock, 45, 802192
globallock, 45, 814790
globallock, 45, 793964
globallock, 45, 796509
globallock, 45, 766600
globallock, 45, 687737
globallock, 45, 781812
globallock, 50, 380587
globallock, 50, 790189
globallock, 50, 779416
globallock, 50, 744219
globallock, 50, 795084
globallock, 50, 839531
globallock, 50, 833948
globallock, 50, 806423
globallock, 50, 729323
globallock, 50, 797670
globallock, 51, 907713
globallock, 51, 907551
globallock, 51, 514701
globallock, 51, 912539
globallock, 51, 913661
globallock, 51, 513928
globallock, 51, 877385
globallock, 51, 821526
globallock, 51, 854352
globallock, 51, 848854
globallock, 55, 866493
globallock, 55, 831233
globallock, 55, 896340
globallock, 55, 816285
globallock, 55, 839102
globallock, 55, 839333
globallock, 55, 914863
globallock, 55, 329433
globallock, 55, 841361
globallock, 55, 853723
globallock, 60, 363202
globallock, 60, 826359
globallock, 60, 880572
globallock, 60, 864660
globallock, 60, 851244
globallock, 60, 824482
globallock, 60, 877281
globallock, 60, 817434
globallock, 60, 361567
globallock, 60, 881816
globallock, 61, 947250
globallock, 61, 313063
globallock, 61, 874199
globallock, 61, 266537
globallock, 61, 948993
globallock, 61, 943327
globallock, 61, 341804
globallock, 61, 940837
globallock, 61, 855264
globallock, 61, 298801
globallock, 65, 928871
globallock, 65, 396665
globallock, 65, 915835
globallock, 65, 866830
globallock, 65, 212407
globallock, 65, 935182
globallock, 65, 885949
globallock, 65, 240293
globallock, 65, 874860
globallock, 65, 874507
globallock, 70, 830164
globallock, 70, 219705
globallock, 70, 860769
globallock, 70, 931196
globallock, 70, 900876
globallock, 70, 331442
globallock, 70, 881224
globallock, 70, 828249
globallock, 70, 485393
globallock, 70, 860835
globallock, 71, 910677
globallock, 71, 930734
globallock, 71, 901017
globallock, 71, 960258
globallock, 71, 908084
globallock, 71, 981018
globallock, 71, 341200
globallock, 71, 982093
globallock, 71, 968785
globallock, 71, 917130
globallock, 75, 895480
globallock, 75, 925374
globallock, 75, 344593
globallock, 75, 913865
globallock, 75, 907640
globallock, 75, 896146
globallock, 75, 216896
globallock, 75, 938847
globallock, 75, 962431
globallock, 75, 883375
globallock, 80, 876996
globallock, 80, 924204
globallock, 80, 254893
globallock, 80, 900939
globallock, 80, 937086
globallock, 80, 238520
globallock, 80, 894940
globallock, 80, 841038
globallock, 80, 223910
globallock, 80, 879579
heap, 1, 1714382
heap, 1, 1726481
heap, 1, 1717840
heap, 1, 1794230
heap, 1, 1786170
heap, 1, 1808313
heap, 1, 1793768
heap, 1, 1721498
heap, 1, 1802831
heap, 1, 1802906
heap, 2, 1653521
heap, 2, 1657005
heap, 2, 1642487
heap, 2, 1631291
heap, 2, 1645032
heap, 2, 1650602
heap, 2, 1626780
heap, 2, 1613430
heap, 2, 1629794
heap, 2, 1657308
heap, 3, 1691202
heap, 3, 1658982
heap, 3, 1686475
heap, 3, 1679973
heap, 3, 1703459
heap, 3, 1688414
heap, 3, 1665999
heap, 3, 1650152
heap, 3, 1676795
heap, 3, 1684866
heap, 4, 1608939
heap, 4, 1643989
heap, 4, 1630391
heap, 4, 1641411
heap, 4, 1643150
heap, 4, 1625033
heap, 4, 1609396
heap, 4, 1621204
heap, 4, 1627439
heap, 4, 1632958
heap, 6, 1279602
heap, 6, 1275527
heap, 6, 1272180
heap, 6, 1273678
heap, 6, 1290896
heap, 6, 1298289
heap, 6, 1267880
heap, 6, 1282000
heap, 6, 1269720
heap, 6, 1290761
heap, 8, 1075117
heap, 8, 1073515
heap, 8, 1059567
heap, 8, 1075634
heap, 8, 1070080
heap, 8, 1079451
heap, 8, 1078098
heap, 8, 1071067
heap, 8, 1068697
heap, 8, 1062260
heap, 10, 958354
heap, 10, 962584
heap, 10, 957324
heap, 10, 959017
heap, 10, 958801
heap, 10, 960457
heap, 10, 962299
heap, 10, 957404
heap, 10, 963133
heap, 10, 958326
heap, 11, 476134
heap, 11, 470944
heap, 11, 468338
heap, 11, 471434
heap, 11, 473746
heap, 11, 477512
heap, 11, 472099
heap, 11, 469246
heap, 11, 470046
heap, 11, 471555
heap, 15, 118083
heap, 15, 121264
heap, 15, 118620
heap, 15, 119398
heap, 15, 119580
heap, 15, 122088
heap, 15, 126386
heap, 15, 123288
heap, 15, 125927
heap, 15, 126156
noble, 1, 3273382
noble, 1, 3242869
noble, 1, 3276594
noble, 1, 3250252
noble, 1, 3263648
noble, 1, 3244176
noble, 1, 3248275
noble, 1, 3257446
noble, 1, 3293669
noble, 1, 3218666
noble, 2, 2149740
noble, 2, 2104972
noble, 2, 2119321
noble, 2, 2097014
noble, 2, 2121497
noble, 2, 2153057
noble, 2, 2097543
noble, 2, 2142703
noble, 2, 2093447
noble, 2, 2108032
noble, 3, 1609025
noble, 3, 1501167
noble, 3, 1648495
noble, 3, 1636782
noble, 3, 1582767
noble, 3, 1619669
noble, 3, 1628724
noble, 3, 1539561
noble, 3, 1544007
noble, 3, 1661333
noble, 4, 1417970
noble, 4, 1439243
noble, 4, 1349442
noble, 4, 1359331
noble, 4, 1341911
noble, 4, 1378349
noble, 4, 1364116
noble, 4, 1365745
noble, 4, 1351706
noble, 4, 1364742
noble, 6, 1092003
noble, 6, 1096710
noble, 6, 1089995
noble, 6, 1085588
noble, 6, 1104958
noble, 6, 1097454
noble, 6, 1109813
noble, 6, 1082339
noble, 6, 1087024
noble, 6, 1102284
noble, 8, 886849
noble, 8, 899445
noble, 8, 884892
noble, 8, 892995
noble, 8, 901041
noble, 8, 900701
noble, 8, 898433
noble, 8, 889591
noble, 8, 884071
noble, 8, 906276
noble, 10, 812422
noble, 10, 816385
noble, 10, 815224
noble, 10, 814894
noble, 10, 823891
noble, 10, 817478
noble, 10, 812719
noble, 10, 820566
noble, 10, 817720
noble, 10, 815322
noble, 11, 275191
noble, 11, 233334
noble, 11, 276395
noble, 11, 246447
noble, 11, 271892
noble, 11, 287957
noble, 11, 261130
noble, 11, 247369
noble, 11, 287370
noble, 11, 263697
noble, 15, 236791
noble, 15, 249669
noble, 15, 226181
noble, 15, 223036
noble, 15, 227872
noble, 15, 221431
noble, 15, 240805
noble, 15, 248447
noble, 15, 242235
noble, 15, 244547
noble, 20, 197777
noble, 20, 211948
noble, 20, 217857
noble, 20, 205104
noble, 20, 195578
noble, 20, 198390
noble, 20, 206606
noble, 20, 198657
noble, 20, 194697
noble, 20, 195757
noble, 21, 130203
noble, 21, 130513
noble, 21, 129321
noble, 21, 128566
noble, 21, 134232
noble, 21, 137320
noble, 21, 135452
noble, 21, 129299
noble, 21, 138194
noble, 21, 128998
noble, 25, 132196
noble, 25, 130888
noble, 25, 135214
noble, 25, 135807
noble, 25, 134340
noble, 25, 131986
noble, 25, 132459
noble, 25, 132213
noble, 25, 131057
noble, 25, 133688
noble, 30, 127160
noble, 30, 127353
noble, 30, 129740
noble, 30, 124697
noble, 30, 125682
noble, 30, 125645
noble, 30, 129304
noble, 30, 127383
noble, 30, 125820
noble, 30, 127740
noble, 31, 89363
noble, 31, 90592
noble, 31, 90214
noble, 31, 88368
noble, 31, 88693
noble, 31, 89775
noble, 31, 91408
noble, 31, 91820
noble, 31, 87904
noble, 31, 90513
noble, 35, 86238
noble, 35, 91527
noble, 35, 92805
noble, 35, 92218
noble, 35, 89175
noble, 35, 84761
noble, 35, 92289
noble, 35, 90367
noble, 35, 91173
noble, 35, 92039
noble, 40, 86479
noble, 40, 87188
noble, 40, 89544
noble, 40, 88078
noble, 40, 87572
noble, 40, 87061
noble, 40, 88076
noble, 40, 87178
noble, 40, 88028
noble, 40, 86573
noble, 41, 63000
noble, 41, 62771
noble, 41, 62655
noble, 41, 61857
noble, 41, 62137
noble, 41, 63297
noble, 41, 62481
noble, 41, 62316
noble, 41, 62653
noble, 41, 63270
noble, 45, 64069
noble, 45, 65035
noble, 45, 65217
noble, 45, 65399
noble, 45, 64943
noble, 45, 64810
noble, 45, 65249
noble, 45, 65392
noble, 45, 64793
noble, 45, 64004
noble, 50, 63560
noble, 50, 62268
noble, 50, 62517
noble, 50, 61301
noble, 50, 61640
noble, 50, 62547
noble, 50, 62535
noble, 50, 62526
noble, 50, 62352
noble, 50, 61657
noble, 51, 51043
noble, 51, 49509
noble, 51, 49248
noble, 51, 49446
noble, 51, 49849
noble, 51, 49396
noble, 51, 49278
noble, 51, 48331
noble, 51, 48814
noble, 51, 49532
noble, 55, 49651
noble, 55, 49927
noble, 55, 49697
noble, 55, 49949
noble, 55, 49833
noble, 55, 49684
noble, 55, 49565
noble, 55, 50048
noble, 55, 49511
noble, 55, 49870
noble, 60, 48669
noble, 60, 48027
noble, 60, 48334
noble, 60, 48640
noble, 60, 48206
noble, 60, 48468
noble, 60, 48265
noble, 60, 49026
noble, 60, 48473
noble, 60, 48229
noble, 61, 37412
noble, 61, 37611
noble, 61, 38296
noble, 61, 38009
noble, 61, 37857
noble, 61, 37831
noble, 61, 37827
noble, 61, 37472
noble, 61, 37748
noble, 61, 37997
noble, 65, 39617
noble, 65, 39527
noble, 65, 40080
noble, 65, 40204
noble, 65, 40539
noble, 65, 40235
noble, 65, 39636
noble, 65, 39924
noble, 65, 39616
noble, 65, 40155
noble, 70, 39705
noble, 70, 39016
noble, 70, 39222
noble, 70, 38934
noble, 70, 38816
noble, 70, 39178
noble, 70, 39046
noble, 70, 38871
noble, 70, 38852
noble, 70, 39060
noble, 71, 32007
noble, 71, 30900
noble, 71, 31923
noble, 71, 31425
noble, 71, 31705
noble, 71, 31135
noble, 71, 30822
noble, 71, 31481
noble, 71, 31561
noble, 71, 31312
noble, 75, 33486
noble, 75, 33037
noble, 75, 32933
noble, 75, 33033
noble, 75, 33034
noble, 75, 32775
noble, 75, 32771
noble, 75, 33325
noble, 75, 33198
noble, 75, 32657
noble, 80, 32090
noble, 80, 32263
noble, 80, 32078
noble, 80, 32155
noble, 80, 32000
noble, 80, 32532
noble, 80, 32271
noble, 80, 32252
noble, 80, 32534
noble, 80, 32456
spraylist, 1, 2035712
spraylist, 1, 2030012
spraylist, 1, 2020818
spraylist, 1, 2019385
spraylist, 1, 2032447
spraylist, 1, 2027648
spraylist, 1, 2045573
spraylist, 1, 2039401
spraylist, 1, 2017861
spraylist, 1, 2036350
spraylist, 2, 2216644
spraylist, 2, 2215572
spraylist, 2, 2214757
spraylist, 2, 2215793
spraylist, 2, 2220054
spraylist, 2, 2233043
spraylist, 2, 2235059
spraylist, 2, 2229074
spraylist, 2, 2215606
spraylist, 2, 2233711
spraylist, 3, 1346904
spraylist, 3, 1773818
spraylist, 3, 1768732
spraylist, 3, 1357486
spraylist, 3, 1846545
spraylist, 3, 1862341
spraylist, 3, 1786310
spraylist, 3, 1892250
spraylist, 3, 1873021
spraylist, 3, 1826648
spraylist, 4, 1267717
spraylist, 4, 1273741
spraylist, 4, 1313523
spraylist, 4, 1300671
spraylist, 4, 1302146
spraylist, 4, 1300072
spraylist, 4, 1296374
spraylist, 4, 1268588
spraylist, 4, 1271280
spraylist, 4, 1264421
spraylist, 6, 1237130
spraylist, 6, 1269766
spraylist, 6, 1263572
spraylist, 6, 1271026
spraylist, 6, 1257562
spraylist, 6, 1227651
spraylist, 6, 1254572
spraylist, 6, 1236240
spraylist, 6, 1259666
spraylist, 6, 1266414
spraylist, 8, 361661
spraylist, 8, 379131
spraylist, 8, 364137
spraylist, 8, 374600
spraylist, 8, 375719
spraylist, 8, 366528
spraylist, 8, 389174
spraylist, 8, 362657
spraylist, 8, 382778
spraylist, 8, 361335
spraylist, 10, 298213
spraylist, 10, 322995
spraylist, 10, 291782
spraylist, 10, 318252
spraylist, 10, 305099
spraylist, 10, 308776
spraylist, 10, 316458
spraylist, 10, 305827
spraylist, 10, 318010
spraylist, 10, 304525
spraylist, 11, 256522
spraylist, 11, 265538
spraylist, 11, 252182
spraylist, 11, 264925
spraylist, 11, 250623
spraylist, 11, 260440
spraylist, 11, 249664
spraylist, 11, 248878
spraylist, 11, 263788
spraylist, 11, 252339
spraylist, 15, 176001
spraylist, 15, 175968
spraylist, 15, 175762
spraylist, 15, 176980
spraylist, 15, 177892
spraylist, 15, 176494
spraylist, 15, 176728
spraylist, 15, 175633
spraylist, 15, 175637
spraylist, 15, 177148
spraylist, 20, 173374
spraylist, 20, 174478
spraylist, 20, 172522
spraylist, 20, 172151
spraylist, 20, 174097
spraylist, 20, 175483
spraylist, 20, 173914
spraylist, 20, 174471
spraylist, 20, 173059
spraylist, 20, 172444
spraylist, 21, 164144
spraylist, 21, 163682
spraylist, 21, 164791
spraylist, 21, 164132
spraylist, 21, 165393
spraylist, 21, 164741
spraylist, 21, 164600
spraylist, 21, 166567
spraylist, 21, 163610
spraylist, 21, 165093
spraylist, 25, 153401
spraylist, 25, 153624
spraylist, 25, 153379
spraylist, 25, 153470
spraylist, 25, 153414
spraylist, 25, 154199
spraylist, 25, 151936
spraylist, 25, 153223
spraylist, 25, 152650
spraylist, 25, 153383
spraylist, 30, 148607
spraylist, 30, 148848
spraylist, 30, 149374
spraylist, 30, 150868
spraylist, 30, 148253
spraylist, 30, 148675
spraylist, 30, 148350
spraylist, 30, 149825
spraylist, 30, 149760
spraylist, 30, 148913
spraylist, 31, 146954
spraylist, 31, 146878
spraylist, 31, 146302
spraylist, 31, 146749
spraylist, 31, 146646
spraylist, 31, 146150
spraylist, 31, 145903
spraylist, 31, 147352
spraylist, 31, 147025
spraylist, 31, 145121
spraylist, 35, 140016
spraylist, 35, 140262
spraylist, 35, 140379
spraylist, 35, 140639
spraylist, 35, 141021
spraylist, 35, 140776
spraylist, 35, 141641
spraylist, 35, 141157
spraylist, 35, 140441
spraylist, 35, 140515
spraylist, 40, 136145
spraylist, 40, 135109
spraylist, 40, 138767
spraylist, 40, 134893
spraylist, 40, 138442
spraylist, 40, 138074
spraylist, 40, 138580
spraylist, 40, 137769
spraylist, 40, 138788
spraylist, 40, 134991
spraylist, 41, 136762
spraylist, 41, 136334
spraylist, 41, 136076
spraylist, 41, 135797
spraylist, 41, 136351
spraylist, 41, 137512
spraylist, 41, 136672
spraylist, 41, 136508
spraylist, 41, 137613
spraylist, 41, 132688
spraylist, 45, 136596
spraylist, 45, 133757
spraylist, 45, 137007
spraylist, 45, 135035
spraylist, 45, 136232
spraylist, 45, 137083
spraylist, 45, 136833
spraylist, 45, 135423
spraylist, 45, 136621
spraylist, 45, 136533
spraylist, 50, 133619
spraylist, 50, 133818
spraylist, 50, 134633
spraylist, 50, 135888
spraylist, 50, 134654
spraylist, 50, 134013
spraylist, 50, 134516
spraylist, 50, 134423
spraylist, 50, 135068
spraylist, 50, 131825
spraylist, 51, 132175
spraylist, 51, 132885
spraylist, 51, 130233
spraylist, 51, 134140
spraylist, 51, 133183
spraylist, 51, 130980
spraylist, 51, 132649
spraylist, 51, 131893
spraylist, 51, 131120
spraylist, 51, 131361
spraylist, 55, 129699
spraylist, 55, 131016
spraylist, 55, 127467
spraylist, 55, 130389
spraylist, 55, 129899
spraylist, 55, 126299
spraylist, 55, 129699
spraylist, 55, 130959
spraylist, 55, 128080
spraylist, 55, 130253
spraylist, 60, 125636
spraylist, 60, 127567
spraylist, 60, 128705
spraylist, 60, 125730
spraylist, 60, 127356
spraylist, 60, 126815
spraylist, 60, 127508
spraylist, 60, 127462
spraylist, 60, 128117
spraylist, 60, 127320
spraylist, 61, 126629
spraylist, 61, 125536
spraylist, 61, 127793
spraylist, 61, 125451
spraylist, 61, 126428
spraylist, 61, 127116
spraylist, 61, 125433
spraylist, 61, 126625
spraylist, 61, 126673
spraylist, 61, 126449
spraylist, 65, 122689
spraylist, 65, 125487
spraylist, 65, 124751
spraylist, 65, 121661
spraylist, 65, 125022
spraylist, 65, 125668
spraylist, 65, 121757
spraylist, 65, 125104
spraylist, 65, 124566
spraylist, 65, 122318
spraylist, 70, 123625
spraylist, 70, 123849
spraylist, 70, 120578
spraylist, 70, 123610
spraylist, 70, 123264
spraylist, 70, 121134
spraylist, 70, 124373
spraylist, 70, 123431
spraylist, 70, 119805
spraylist, 70, 123717
spraylist, 71, 122210
spraylist, 71, 120982
spraylist, 71, 122533
spraylist, 71, 123230
spraylist, 71, 120345
spraylist, 71, 122700
spraylist, 71, 123288
spraylist, 71, 120842
spraylist, 71, 122786
spraylist, 71, 120579
spraylist, 75, 121521
spraylist, 75, 118707
spraylist, 75, 121966
spraylist, 75, 122476
spraylist, 75, 119269
spraylist, 75, 123325
spraylist, 75, 122542
spraylist, 75, 119497
spraylist, 75, 121354
spraylist, 75, 122601
spraylist, 80, 122244
spraylist, 80, 121969
spraylist, 80, 121243
spraylist, 80, 122185
spraylist, 80, 122195
spraylist, 80, 122263
spraylist, 80, 121762
spraylist, 80, 122251
spraylist, 80, 122690
spraylist, 80, 122177
heap, 1, 1804028
heap, 1, 1780969
heap, 1, 1742486
heap, 1, 1802474
heap, 1, 1733559
heap, 1, 1793119
heap, 1, 1796509
heap, 1, 1735321
heap, 1, 1798052
heap, 1, 1720202
heap, 2, 1656857
heap, 2, 1628835
heap, 2, 1598112
heap, 2, 1648218
heap, 2, 1667393
heap, 2, 1646996
heap, 2, 1619968
heap, 2, 1597357
heap, 2, 1672398
heap, 2, 1629208
heap, 3, 1714011
heap, 3, 1674136
heap, 3, 1682592
heap, 3, 1697905
heap, 3, 1693292
heap, 3, 1694873
heap, 3, 1688714
heap, 3, 1690719
heap, 3, 1714820
heap, 3, 1671235
heap, 4, 1628847
heap, 4, 1634619
heap, 4, 1599979
heap, 4, 1615092
heap, 4, 1596087
heap, 4, 1618559
heap, 4, 1628137
heap, 4, 1616103
heap, 4, 1613461
heap, 4, 1617296
heap, 6, 1300396
heap, 6, 1286791
heap, 6, 1270786
heap, 6, 1287651
heap, 6, 1296269
heap, 6, 1286566
heap, 6, 1276559
heap, 6, 1272132
heap, 6, 1279173
heap, 6, 1292040
heap, 8, 1071939
heap, 8, 1062700
heap, 8, 1073336
heap, 8, 1077168
heap, 8, 1076720
heap, 8, 1068316
heap, 8, 1066360
heap, 8, 1073086
heap, 8, 1059271
heap, 8, 1060104
heap, 10, 962129
heap, 10, 954844
heap, 10, 956628
heap, 10, 956355
heap, 10, 957805
heap, 10, 955874
heap, 10, 956017
heap, 10, 962581
heap, 10, 956707
heap, 10, 956753
heap, 11, 468238
heap, 11, 474573
heap, 11, 465292
heap, 11, 473916
heap, 11, 474183
heap, 11, 468815
heap, 11, 472230
heap, 11, 473003
heap, 11, 473047
heap, 11, 478963
heap, 15, 119687
heap, 15, 125678
heap, 15, 128494
heap, 15, 116287
heap, 15, 125843
heap, 15, 124908
heap, 15, 116483
heap, 15, 121542
heap, 15, 124632
heap, 15, 126386
heap, 20, 106265
heap, 20, 104906
heap, 20, 115802
heap, 20, 108795
heap, 20, 109593
heap, 20, 110756
heap, 20, 103819
heap, 20, 111199
heap, 20, 107259
heap, 20, 106270
heap, 21, 86730
heap, 21, 87660
heap, 21, 91310
heap, 21, 85200
heap, 21, 91320
heap, 21, 85284
heap, 21, 90141
heap, 21, 84770
heap, 21, 85141
heap, 21, 92462
heap, 25, 68426
heap, 25, 64915
heap, 25, 65128
heap, 25, 73588
heap, 25, 71143
heap, 25, 65726
heap, 25, 69880
heap, 25, 71910
heap, 25, 68796
heap, 25, 73157
heap, 30, 73657
heap, 30, 67770
heap, 30, 67069
heap, 30, 70647
heap, 30, 65641
heap, 30, 67557
heap, 30, 63870
heap, 30, 75304
heap, 30, 72686
heap, 30, 74637
heap, 31, 61278
heap, 31, 61866
heap, 31, 64950
heap, 31, 66500
heap, 31, 64468
heap, 31, 70646
heap, 31, 63876
heap, 31, 62125
heap, 31, 68470
heap, 31, 65126
heap, 35, 51417
heap, 35, 52105
heap, 35, 50297
heap, 35, 51230
heap, 35, 52572
heap, 35, 57711
heap, 35, 50866
heap, 35, 57777
heap, 35, 50817
heap, 35, 56063
heap, 40, 48082
heap, 40, 52739
heap, 40, 59851
heap, 40, 53805
heap, 40, 61954
heap, 40, 67681
heap, 40, 55655
heap, 40, 61414
heap, 40, 52788
heap, 40, 46973
heap, 41, 48006
heap, 41, 44216
heap, 41, 47488
heap, 41, 46481
heap, 41, 43883
heap, 41, 44097
heap, 41, 48502
heap, 41, 43032
heap, 41, 41320
heap, 41, 49365
heap, 45, 37896
heap, 45, 42221
heap, 45, 40011
heap, 45, 47380
heap, 45, 39248
heap, 45, 42358
heap, 45, 40192
heap, 45, 47404
heap, 45, 36340
heap, 45, 44830
heap, 50, 47525
heap, 50, 40822
heap, 50, 35888
heap, 50, 45152
heap, 50, 41285
heap, 50, 40243
heap, 50, 37182
heap, 50, 45046
heap, 50, 38059
heap, 50, 38291
heap, 51, 38140
heap, 51, 33229
heap, 51, 42609
heap, 51, 41187
heap, 51, 38353
heap, 51, 48581
heap, 51, 44078
heap, 51, 36886
heap, 51, 45118
heap, 51, 36978
heap, 55, 37093
heap, 55, 45828
heap, 55, 41744
heap, 55, 40457
heap, 55, 42859
heap, 55, 32997
heap, 55, 32701
heap, 55, 40676
heap, 55, 39591
heap, 55, 36640
heap, 60, 50125
heap, 60, 38755
heap, 60, 39301
heap, 60, 35848
heap, 60, 39192
heap, 60, 36012
heap, 60, 37119
heap, 60, 44600
heap, 60, 36990
heap, 60, 35153
heap, 61, 31249
heap, 61, 43531
heap, 61, 38747
heap, 61, 25995
heap, 61, 37699
heap, 61, 41434
heap, 61, 40533
heap, 61, 36560
heap, 61, 36473
heap, 61, 38343
heap, 65, 44211
heap, 65, 36888
heap, 65, 31763
heap, 65, 33461
heap, 65, 39104
heap, 65, 33368
heap, 65, 32682
heap, 65, 27016
heap, 65, 36440
heap, 65, 31683
heap, 70, 31482
heap, 70, 29174
heap, 70, 42511
heap, 70, 37041
heap, 70, 40528
heap, 70, 35292
heap, 70, 35879
heap, 70, 41138
heap, 70, 37916
heap, 70, 34709
heap, 71, 28046
heap, 71, 30188
heap, 71, 37730
heap, 71, 33887
heap, 71, 30952
heap, 71, 34743
heap, 71, 38204
heap, 71, 35312
heap, 71, 22539
heap, 71, 39460
heap, 75, 30204
heap, 75, 34652
heap, 75, 34860
heap, 75, 35578
heap, 75, 32425
heap, 75, 29787
heap, 75, 37259
heap, 75, 35888
heap, 75, 33494
heap, 75, 29672
heap, 80, 35476
heap, 80, 25573
heap, 80, 36606
heap, 80, 36380
heap, 80, 36466
heap, 80, 39694
heap, 80, 35997
heap, 80, 37099
heap, 80, 37191
heap, 80, 29352
linden, 1, 2815790
linden, 1, 2813431
linden, 1, 2861012
linden, 1, 2851102
linden, 1, 2847183
linden, 1, 2842908
linden, 1, 2851521
linden, 1, 2849885
linden, 1, 2848134
linden, 1, 2863901
linden, 2, 4138035
linden, 2, 4115750
linden, 2, 4112011
linden, 2, 4112046
linden, 2, 4104057
linden, 2, 4106506
linden, 2, 4114974
linden, 2, 4108703
linden, 2, 4107971
linden, 2, 4113340
linden, 3, 5413725
linden, 3, 5422328
linden, 3, 5415796
linden, 3, 5424694
linden, 3, 5420360
linden, 3, 5417067
linden, 3, 5415237
linden, 3, 5424565
linden, 3, 5425095
linden, 3, 5405812
linden, 4, 6349765
linden, 4, 6346909
linden, 4, 6351429
linden, 4, 6346648
linden, 4, 6357086
linden, 4, 6353550
linden, 4, 6355024
linden, 4, 6356662
linden, 4, 6348377
linden, 4, 6350033
linden, 6, 7047839
linden, 6, 7055798
linden, 6, 7041038
linden, 6, 7049928
linden, 6, 7043169
linden, 6, 7052184
linden, 6, 7052432
linden, 6, 7041603
linden, 6, 7046416
linden, 6, 7038249
linden, 8, 7016954
linden, 8, 7030759
linden, 8, 7031285
linden, 8, 7028183
linden, 8, 7019289
linden, 8, 7034405
linden, 8, 7031312
linden, 8, 7024197
linden, 8, 7025381
linden, 8, 7033424
linden, 10, 7050796
linden, 10, 7032442
linden, 10, 7055151
linden, 10, 7054416
linden, 10, 7053997
linden, 10, 7052405
linden, 10, 7040046
linden, 10, 7048020
linden, 10, 7049924
linden, 10, 7054227
linden, 11, 3647934
linden, 11, 3674332
linden, 11, 3650904
linden, 11, 3643396
linden, 11, 3655886
linden, 11, 3668875
linden, 11, 3658866
linden, 11, 3652750
linden, 11, 3644792
linden, 11, 3635392
linden, 15, 2267242
linden, 15, 2267789
linden, 15, 2265746
linden, 15, 2267144
linden, 15, 2267389
linden, 15, 2267920
linden, 15, 2265481
linden, 15, 2266400
linden, 15, 2268627
linden, 15, 2267272
linden, 20, 2325948
linden, 20, 2326799
linden, 20, 2326150
linden, 20, 2326577
linden, 20, 2327021
linden, 20, 2328384
linden, 20, 2327967
linden, 20, 2324263
linden, 20, 2328414
linden, 20, 2324831
linden, 21, 1955418
linden, 21, 1959473
linden, 21, 1963881
linden, 21, 1958184
linden, 21, 1954537
linden, 21, 1956932
linden, 21, 1955341
linden, 21, 1960891
linden, 21, 1957465
linden, 21, 1955140
linden, 25, 1852002
linden, 25, 1845740
linden, 25, 1850662
linden, 25, 1843019
linden, 25, 1837118
linden, 25, 1851057
linden, 25, 1846140
linden, 25, 1842389
linden, 25, 1838673
linden, 25, 1852554
linden, 30, 1879468
linden, 30, 1884815
linden, 30, 1869474
linden, 30, 1886955
linden, 30, 1874856
linden, 30, 1789824
linden, 30, 1869851
linden, 30, 1866942
linden, 30, 1865418
linden, 30, 1878354
linden, 31, 1660453
linden, 31, 1673751
linden, 31, 1678216
linden, 31, 1678852
linden, 31, 1684971
linden, 31, 1668381
linden, 31, 1677672
linden, 31, 1680738
linden, 31, 1678710
linden, 31, 1668700
linden, 35, 1618638
linden, 35, 1614472
linden, 35, 1619730
linden, 35, 1619195
linden, 35, 1615105
linden, 35, 1614291
linden, 35, 1621031
linden, 35, 1614128
linden, 35, 1620850
linden, 35, 1614708
linden, 40, 1643307
linden, 40, 1638641
linden, 40, 1644953
linden, 40, 1636055
linden, 40, 1635785
linden, 40, 1639815
linden, 40, 1644593
linden, 40, 1640974
linden, 40, 1635210
linden, 40, 1639201
linden, 41, 1497567
linden, 41, 1499744
linden, 41, 1500534
linden, 41, 1500225
linden, 41, 1495431
linden, 41, 1498726
linden, 41, 1495719
linden, 41, 1497477
linden, 41, 1498877
linden, 41, 1498540
linden, 45, 1462476
linden, 45, 1462452
linden, 45, 1470934
linden, 45, 1469566
linden, 45, 1474412
linden, 45, 1452588
linden, 45, 1458694
linden, 45, 1455369
linden, 45, 1460023
linden, 45, 1462836
linden, 50, 1466041
linden, 50, 1464258
linden, 50, 1471627
linden, 50, 1471687
linden, 50, 1465296
linden, 50, 1469105
linden, 50, 1475662
linden, 50, 1467479
linden, 50, 1467135
linden, 50, 1473477
linden, 51, 1383516
linden, 51, 1385029
linden, 51, 1383113
linden, 51, 1384985
linden, 51, 1388070
linden, 51, 1387012
linden, 51, 1386059
linden, 51, 1384234
linden, 51, 1385283
linden, 51, 1391073
linden, 55, 1357950
linden, 55, 1361505
linden, 55, 1360305
linden, 55, 1356979
linden, 55, 1353647
linden, 55, 1357166
linden, 55, 1358933
linden, 55, 1355140
linden, 55, 1359581
linden, 55, 1358722
linden, 60, 1352258
linden, 60, 1352245
linden, 60, 1353387
linden, 60, 1356014
linden, 60, 1354263
linden, 60, 1348848
linden, 60, 1358481
linden, 60, 1353827
linden, 60, 1352468
linden, 60, 1354115
linden, 61, 1287248
linden, 61, 1285354
linden, 61, 1290301
linden, 61, 1292972
linden, 61, 1288832
linden, 61, 1289061
linden, 61, 1291462
linden, 61, 1290695
linden, 61, 1290129
linden, 61, 1293430
linden, 65, 1258291
linden, 65, 1258157
linden, 65, 1255387
linden, 65, 1258280
linden, 65, 1258533
linden, 65, 1254697
linden, 65, 1253244
linden, 65, 1260392
linden, 65, 1257509
linden, 65, 1255694
linden, 70, 1252940
linden, 70, 1257621
linden, 70, 1255328
linden, 70, 1257610
linden, 70, 1253650
linden, 70, 1261246
linden, 70, 1258743
linden, 70, 1255977
linden, 70, 1255625
linden, 70, 1258367
linden, 71, 1213477
linden, 71, 1214743
linden, 71, 1214648
linden, 71, 1209864
linden, 71, 1210307
linden, 71, 1214617
linden, 71, 1212553
linden, 71, 1212386
linden, 71, 1213767
linden, 71, 1215890
linden, 75, 1188926
linden, 75, 1182883
linden, 75, 1184742
linden, 75, 1184759
linden, 75, 1185673
linden, 75, 1188342
linden, 75, 1189639
linden, 75, 1191348
linden, 75, 1186147
linden, 75, 1186942
linden, 80, 1183246
linden, 80, 1181885
linden, 80, 1181099
linden, 80, 1181945
linden, 80, 1178560
linden, 80, 1179737
linden, 80, 1182779
linden, 80, 1178423
linden, 80, 1180947
linden, 80, 1181898
